{"cameraMode":{"drawMode":0,"name":"Shaded","section":"Shading Mode"},"sceneLighting":false,"audioPlay":false,"sceneViewState":{"showFog":true,"showMaterialUpdate":false,"showSkybox":false,"showFlares":true,"showImageEffects":true,"showParticleSystems":true},"in2DMode":false,"pivot":{"x":-1.2349060773849488,"y":0.6858665943145752,"z":0.00367862731218338},"rotation":{"x":0.003238620236515999,"y":-0.9096046090126038,"z":0.4154018461704254,"w":0.0070916954427957539},"size":4.965941429138184,"orthographic":false}