{"cameraMode":{"drawMode":0,"name":"Shaded","section":"Shading Mode"},"sceneLighting":true,"audioPlay":false,"sceneViewState":{"showFog":true,"showMaterialUpdate":false,"showSkybox":true,"showFlares":true,"showImageEffects":true,"showParticleSystems":true},"in2DMode":false,"pivot":{"x":1005.0350952148438,"y":48.1092414855957,"z":107.93329620361328},"rotation":{"x":0.3191898763179779,"y":-0.1260126680135727,"z":0.042868245393037799,"w":0.938296914100647},"size":8.103596687316895,"orthographic":false}