{"cameraMode":{"drawMode":0,"name":"Shaded","section":"Shading Mode"},"sceneLighting":false,"audioPlay":false,"sceneViewState":{"showFog":true,"showMaterialUpdate":false,"showSkybox":false,"showFlares":true,"showImageEffects":true,"showParticleSystems":true},"in2DMode":false,"pivot":{"x":1004.0140380859375,"y":34.613990783691409,"z":114.50401306152344},"rotation":{"x":-0.02584715560078621,"y":-0.9583179354667664,"z":0.26924991607666018,"w":-0.09199591726064682},"size":29.500255584716798,"orthographic":false}