{"cameraMode":{"drawMode":0,"name":"Shaded","section":"Shading Mode"},"sceneLighting":false,"audioPlay":false,"sceneViewState":{"showFog":true,"showMaterialUpdate":false,"showSkybox":false,"showFlares":true,"showImageEffects":true,"showParticleSystems":true},"in2DMode":false,"pivot":{"x":-2.5891337394714357,"y":-2.630075693130493,"z":-5.764858245849609},"rotation":{"x":-0.28277546167373659,"y":-0.023591259494423868,"z":0.006939247250556946,"w":-0.9588708877563477},"size":9.87006664276123,"orthographic":false}